id_linha,passageiros_dia,atraso_medio_min
1,720,11.8
2,6200,17.6
3,6940,13.7
4,780,13.1
5,5930,12.2
6,7280,19.6
7,7100,3.8
8,1040,11.7
9,950,4.3
10,920,10.2
11,420,14.7
12,1040,15.6
13,7470,13.4
14,6940,6.0
15,6620,16.4
16,8010,17.3
17,5750,4.7
18,7820,7.5
19,6160,16.6
20,7050,12.8
21,1100,16.6
22,6560,14.4
23,6250,4.5
24,720,3.4
25,6250,1.0
26,6060,15.0
27,5570,5.3
28,930,12.1
29,6260,3.9
30,360,2.2
31,5870,15.6
32,790,2.9
33,5630,1.8
34,6570,10.5
35,1110,2.6
36,6670,4.2
37,1020,5.0
38,1130,12.9
39,860,3.4
40,7110,12.9
41,6890,3.6
42,6040,5.6
43,4930,0.7
44,670,3.0
45,780,14.6
46,780,15.7
47,600,2.8
48,730,15.1
49,4670,4.5
50,670,2.1
51,940,3.6
52,1090,17.4
53,980,13.5
54,1360,15.9
55,590,1.7
56,1040,2.5
57,920,4.8
58,7060,5.5
59,890,2.3
60,4290,5.1
61,5810,3.6
62,990,3.5
63,800,14.6
64,340,2.5
65,6520,4.2
66,6220,15.9
67,960,15.3
68,620,16.0
69,5460,19.0
70,940,2.3
71,7000,15.3
72,7150,19.0
73,370,2.5
74,760,14.9
75,6920,11.8
76,7280,15.6
77,6590,14.9
78,900,3.7
79,4620,15.9
80,4880,4.3
81,5440,2.9
82,5380,5.1
83,1000,13.1
84,890,2.4
85,810,2.7
86,5050,3.3
87,7740,18.1
88,860,11.1
89,5490,4.2
90,810,15.8
91,6800,16.3
92,7000,12.3
93,5610,6.3
94,1190,4.1
95,710,4.3
96,1400,14.7
97,6490,3.1
98,6850,4.6
99,6570,4.0
100,750,3.9
101,740,13.0
102,6450,7.2
103,7380,0.6
104,940,11.9
105,690,15.2
106,860,14.9
107,470,1.6
108,5220,2.6
109,1070,3.3
110,5920,21.3
111,5400,4.4
112,7140,3.9
113,760,3.5
114,770,3.6
115,520,12.6
116,430,3.2
117,6150,4.4
118,630,2.8
119,5540,5.9
120,600,1.4
121,6400,17.6
122,960,5.1
123,6510,14.4
124,6120,17.5
125,5810,2.5
126,5250,15.8
127,1230,10.9
128,370,11.9
129,6410,16.3
130,720,11.1
131,5360,3.2
132,6110,18.9
133,6500,16.5
134,750,3.0
135,6550,4.0
136,970,2.9
137,900,1.7
138,480,2.9
139,6950,15.2
140,6990,19.7
141,830,11.3
142,1150,11.0
143,5800,8.3
144,1040,9.4
145,4950,4.7
146,6070,17.1
147,6310,3.7
148,5800,5.7
149,4580,6.2
150,6630,2.6
151,1010,1.4
152,540,12.3
153,910,13.6
154,7090,17.6
155,6240,4.2
156,970,2.8
157,5680,4.4
158,6510,15.4
159,4480,15.2
160,6990,16.0
161,7550,4.2
162,960,15.9
163,780,3.6
164,7450,12.6
165,1050,17.3
166,6420,4.6
167,1170,12.5
168,6090,18.1
169,790,14.3
170,7490,12.7
171,1100,13.9
172,5990,5.5
173,1140,3.8
174,740,1.2
175,6640,4.0
176,6350,17.7
177,820,14.3
178,7390,3.1
179,710,11.0
180,6710,15.0
181,7010,12.7
182,580,2.0
183,6490,20.0
184,810,4.5
185,730,3.3
186,5270,18.3
187,8170,14.3
188,620,1.6
189,930,2.8
190,6910,20.8
191,830,4.2
192,950,5.6
193,1050,14.0
194,1010,3.5
195,1010,13.8
196,4580,3.7
197,680,2.7
198,6830,16.3
199,1000,14.6
200,900,3.1
201,6540,3.8
202,870,15.0
203,1040,14.2
204,880,14.5
205,6930,15.6
206,950,14.4
207,610,2.4
208,5670,2.6
209,6490,13.2
210,6110,18.4
211,6330,5.0
212,320,4.3
213,500,1.7
214,6300,5.2
215,1060,3.3
216,700,15.4
217,950,12.5
218,7490,12.6
219,880,13.7
220,1040,14.0
221,6130,4.2
222,6890,14.5
223,6720,3.1
224,7910,17.6
225,980,12.9
226,1100,17.6
227,630,3.6
228,980,4.6
229,6700,16.2
230,7150,18.3
231,1170,12.1
232,420,4.3
233,6310,2.9
234,8040,17.0
235,980,16.2
236,750,14.1
237,5650,3.2
238,1430,13.0
239,1150,4.3
240,7200,4.6
