id_talhao,area_ha,chuva_mm,ph_solo,adubo_kg_ha,receita_bruta_rs_ha,produtividade_sacas_ha
1,151,783,6.8,214,7308,56.1
2,516,830,6.6,227,8226,63.1
3,379,1014,6.9,390,9390,72.5
4,303,544,5.7,293,7384,57.0
5,290,571,5.1,151,5960,45.8
6,635,1361,5.8,299,8973,69.1
7,725,911,6.7,84,7204,55.6
8,150,1436,7.0,318,10042,77.4
9,526,597,7.2,180,6879,52.8
10,246,1462,7.5,297,9643,74.3
11,774,778,5.4,386,9198,70.8
12,737,1630,7.0,397,11091,85.6
13,512,1678,7.5,258,9836,75.5
14,605,1396,5.3,102,8145,62.8
15,417,1013,4.5,100,6258,48.1
16,662,533,4.9,167,6451,49.6
17,364,1489,6.8,110,8552,65.9
18,278,1232,6.9,172,8381,64.7
19,230,607,5.3,363,7861,60.5
20,189,1242,7.3,178,8633,66.5
21,425,508,5.2,185,6120,46.9
22,350,1087,6.7,346,9741,75.2
23,534,1297,5.1,324,8878,68.1
24,20,1543,6.8,183,9403,72.0
25,364,878,4.7,241,7350,56.4
26,298,802,6.3,259,7157,54.9
27,164,930,5.5,311,8531,65.7
28,480,577,6.5,123,6589,50.6
29,354,1711,7.2,321,11602,89.1
30,247,1645,5.5,111,8226,63.7
31,175,1283,7.4,268,8996,69.3
32,701,597,5.9,382,9391,72.6
33,640,609,5.7,135,5793,44.9
34,489,1712,5.1,328,9982,76.8
35,283,662,4.7,205,6563,50.4
36,758,689,4.7,155,6080,46.9
37,455,1521,7.1,244,10082,77.4
38,352,892,4.5,141,5889,45.2
39,721,1035,6.4,222,7672,59.0
40,262,1033,6.3,268,8173,63.0
41,560,1410,6.3,327,10297,79.0
42,258,1114,5.9,340,9072,69.3
43,217,1556,4.7,364,10250,79.5
44,564,1145,5.1,236,8057,61.8
45,190,878,6.6,373,8941,69.1
46,400,753,7.2,367,8557,65.6
47,468,1482,5.9,236,8744,67.0
48,159,785,5.7,115,5801,44.7
49,588,1292,7.0,197,8643,66.6
50,443,1282,4.6,319,9645,74.2
51,501,1752,6.3,259,9833,75.6
52,304,617,7.4,140,6430,49.5
53,342,770,5.8,356,8828,67.6
54,401,1360,5.4,287,8810,68.2
55,381,930,5.6,121,6993,53.9
56,544,667,6.2,342,7273,55.8
57,466,1664,7.1,245,9895,76.2
58,339,1451,6.7,194,9299,71.6
59,11,789,5.5,248,6505,50.1
60,637,624,5.6,253,7242,55.5
61,420,1595,6.4,393,11016,84.5
62,268,1241,6.4,299,8961,69.3
63,405,1708,4.8,168,8722,67.4
64,84,1172,6.2,213,8475,65.3
65,725,800,6.7,116,6990,53.8
66,792,674,4.9,194,7032,53.9
67,56,1043,6.8,338,9369,72.1
68,293,1389,4.9,209,8991,68.8
69,587,506,4.8,339,7059,53.9
70,258,1014,6.2,181,7682,59.3
71,458,1025,6.8,279,8365,64.3
72,339,1372,6.3,104,8328,63.8
73,622,753,6.3,123,6467,49.7
74,767,1639,4.8,211,9464,72.7
75,712,923,6.2,373,9006,69.4
76,501,1575,6.0,308,10053,77.5
77,137,1576,4.5,151,8236,63.3
78,758,1650,6.8,175,9489,72.7
79,29,836,5.2,94,5709,44.1
80,245,1592,5.9,285,9576,73.7
81,232,800,5.9,383,8380,64.0
82,541,1019,6.5,286,8963,69.0
83,395,731,7.1,322,8274,63.6
84,83,1129,6.8,202,8047,61.7
85,20,598,5.1,330,7506,57.6
86,487,1744,5.2,237,9965,76.7
87,398,517,5.8,307,7170,55.2
88,485,1146,5.6,163,8737,66.8
89,456,1590,6.7,306,9960,76.9
90,713,672,6.1,155,7331,56.7
91,736,1276,5.9,187,8632,66.1
92,159,1190,6.3,171,8441,64.6
93,754,1485,5.6,220,9040,69.8
94,632,1408,7.1,149,9446,72.4
95,515,1573,6.7,273,9765,75.0
96,531,1531,6.9,287,10526,81.0
97,441,1258,7.5,153,8754,67.3
98,735,955,6.6,327,9443,72.1
99,194,640,6.5,293,7459,57.2
100,483,713,6.8,387,8993,69.0
101,653,1633,6.4,357,10619,81.5
102,116,846,7.4,383,9002,69.4
103,496,1662,5.7,375,10648,82.0
104,328,898,5.6,370,8369,64.4
105,615,574,4.8,395,7580,58.5
106,63,877,7.3,386,8743,67.1
107,489,1000,4.7,194,7223,55.3
108,687,635,7.2,122,7370,56.7
109,506,1059,5.6,378,10251,79.1
110,264,1537,7.5,180,9138,70.5
111,528,1038,4.9,357,8466,64.7
112,277,1142,5.2,399,9405,72.5
113,538,1798,6.9,279,10998,85.0
114,111,780,5.7,172,6152,47.6
115,231,1207,5.8,292,7916,61.0
116,36,1784,5.1,350,10570,80.9
117,76,1144,5.0,134,7605,58.2
118,448,1269,7.1,361,10739,82.4
119,193,1211,6.3,310,9127,70.4
120,418,650,6.9,375,9132,70.0
121,531,1431,5.6,191,8640,66.5
122,706,1686,6.0,371,10506,80.6
123,290,1705,7.2,139,9548,72.8
124,262,1263,7.2,312,10094,77.7
125,258,958,6.3,378,9065,70.1
126,103,1378,6.5,257,9067,69.2
127,534,1728,4.7,128,8654,66.6
128,658,1772,5.5,388,11279,86.8
129,384,868,6.2,268,8009,62.0
130,451,1716,5.8,168,9456,72.5
131,767,1449,5.4,374,10421,79.8
132,562,1633,6.6,344,11260,86.5
133,599,718,5.2,380,8293,63.5
134,713,1769,7.2,287,10984,84.6
135,180,1480,5.1,150,8328,63.7
136,524,716,6.7,271,8153,62.5
137,577,1202,6.0,243,8080,61.7
138,675,645,6.7,242,7957,61.6
139,282,1442,5.7,85,8436,65.2
140,554,1274,5.6,162,8130,62.3
141,487,1252,6.4,166,8596,66.0
142,333,1601,7.4,108,8785,67.8
143,90,1501,6.6,201,9393,72.2
144,289,619,4.5,224,5991,45.9
145,771,1491,4.6,300,9563,73.2
146,181,1204,5.1,246,8410,64.6
147,100,745,5.6,225,6661,51.2
148,300,951,5.0,127,6189,47.5
149,90,1162,7.4,156,8075,62.1
150,221,1616,5.3,182,8688,66.3
151,732,1646,5.9,128,8854,68.2
152,262,633,4.9,162,5567,42.8
153,473,1075,5.4,209,8239,63.4
154,199,1597,6.1,154,8820,67.4
155,538,1283,5.8,162,8331,64.2
156,111,1612,4.8,331,9136,70.0
157,634,1276,6.7,196,8594,66.1
158,344,790,7.4,202,8347,64.3
159,155,1154,5.2,330,8318,64.5
160,609,1170,5.2,326,9075,69.8
161,448,1662,6.8,309,11547,88.2
162,356,962,5.9,266,8079,62.3
163,200,805,4.6,100,6323,49.2
164,627,1474,4.6,355,9426,72.4
165,299,1045,7.4,281,8762,67.7
166,44,1130,6.7,381,9490,73.5
167,773,1770,6.0,138,9226,71.1
168,34,1377,5.0,117,7592,58.7
169,105,1373,7.2,369,9702,74.3
170,378,1714,5.6,181,8875,68.2
171,174,1431,5.5,387,10545,80.9
172,275,1741,6.9,322,10933,84.3
173,458,1323,7.0,152,8812,67.8
174,767,1264,4.6,281,9340,72.0
175,750,869,6.2,189,6911,53.1
176,68,800,5.6,343,6790,52.7
177,684,1191,7.4,286,10295,79.2
178,143,577,5.4,313,6644,50.9
179,651,719,5.4,172,6767,51.7
180,244,1421,6.5,87,7461,57.2
181,577,1383,7.2,212,8403,64.6
182,578,537,6.4,309,7553,58.5
183,682,712,6.2,372,8741,67.2
184,784,1303,4.9,179,7752,60.1
185,228,1030,5.3,227,6645,51.3
186,506,1266,6.9,362,10209,78.6
187,594,667,4.9,160,6960,53.6
188,73,1621,7.3,298,9810,75.2
189,534,837,7.3,363,9453,72.8
190,264,987,6.4,282,8498,65.7
191,138,1084,5.4,117,6202,47.8
192,444,1271,7.3,289,10031,77.4
193,375,1775,6.9,93,9374,71.8
194,466,772,6.7,170,7121,55.1
195,517,711,4.9,363,8368,64.5
196,404,689,6.3,309,7946,60.9
197,725,1507,7.0,149,9677,74.7
198,151,997,5.2,301,9113,70.0
199,238,1705,5.3,264,9803,75.4
200,291,587,5.8,339,7776,59.9
201,622,1191,6.9,295,9152,70.9
202,525,1484,4.8,344,10323,79.4
203,173,1159,6.6,313,8653,66.7
204,598,1029,6.2,106,7080,54.4
205,620,1555,6.6,232,9706,75.1
206,618,1162,5.0,100,7060,54.2
207,72,1678,7.4,171,9410,72.2
208,178,810,5.0,170,6889,52.7
209,717,1278,7.0,230,9121,70.3
210,705,1325,4.5,185,7195,55.5
211,172,1679,6.7,154,9798,75.1
212,446,621,5.4,355,8401,64.9
213,218,1547,5.6,97,7877,60.8
214,339,1389,7.1,228,9893,76.2
215,27,1619,5.7,286,9460,73.1
216,233,1292,6.1,141,7662,58.6
217,224,1090,6.3,226,7882,60.4
218,736,1535,4.5,189,9201,71.4
219,474,869,6.6,356,9344,72.5
220,150,572,7.3,96,6457,49.8
221,348,1475,5.7,99,7672,58.9
222,399,1556,7.0,231,10168,78.0
223,514,1577,5.2,307,9465,72.4
224,431,1082,6.1,359,9514,73.1
225,343,1452,5.2,242,8660,66.9
226,256,1428,5.1,389,9701,74.5
227,464,875,6.4,295,8113,62.7
228,781,1495,4.6,385,9290,71.7
229,447,1753,7.5,354,10759,83.3
230,711,958,6.6,367,9248,71.4
231,22,855,5.3,90,5615,43.3
232,170,1259,6.3,362,9974,76.9
233,693,1641,4.7,290,10290,78.6
234,460,1291,6.5,126,7543,58.0
235,395,1761,7.0,107,8813,67.7
236,301,1699,6.9,118,9171,70.5
237,243,1424,4.9,237,9445,72.2
238,546,1419,4.9,102,7382,57.0
239,299,731,6.5,213,7510,57.6
240,354,943,5.4,132,6141,47.4
241,624,1553,7.3,94,8614,66.3
242,757,1021,6.2,115,7607,58.4
243,795,796,6.2,108,6646,51.4
244,393,582,6.8,368,8450,65.1
245,119,790,7.1,291,8242,63.4
246,30,1250,5.9,284,8832,67.8
247,401,1701,6.2,394,11131,85.7
248,70,1009,4.7,259,8177,62.2
249,103,1526,7.3,379,10911,83.3
250,196,667,7.2,289,8195,63.6
251,794,1570,4.7,223,9000,69.2
252,138,1706,5.6,304,10149,77.9
253,97,1153,7.2,218,8175,62.8
254,734,1091,6.3,142,7033,53.8
255,501,1681,5.5,98,8302,64.6
256,595,796,5.6,376,8530,65.9
257,290,1697,6.5,197,9535,72.9
258,748,1693,6.6,348,11378,87.1
259,781,1745,4.9,219,9367,71.4
260,451,1658,5.8,101,8126,62.1
261,790,1183,7.0,258,8639,66.8
262,410,1386,7.0,108,8707,66.7
263,357,1193,6.6,312,8986,69.2
264,630,892,6.9,205,7963,61.2
265,519,1788,6.6,336,10584,81.4
266,168,532,7.0,113,5748,44.3
267,417,827,5.6,88,6240,48.1
268,23,1707,4.7,119,8672,66.5
269,702,1738,4.8,381,10300,79.4
270,439,862,6.3,168,6688,51.4
271,46,1800,4.5,268,9574,73.5
272,751,1556,7.0,205,9820,75.7
273,800,1510,5.1,149,8323,64.1
274,592,1243,7.0,131,8815,67.5
275,351,1013,5.6,270,7398,57.3
276,477,512,4.8,228,5899,45.5
277,18,975,5.6,387,8715,67.4
278,96,987,4.5,345,7742,59.5
279,271,606,5.1,342,7595,57.8
280,335,610,4.9,101,5446,42.1
281,607,842,7.4,225,8100,62.0
282,145,1143,5.8,81,7936,60.7
283,102,1506,6.1,352,9628,74.7
284,561,1266,4.7,162,7551,58.4
285,712,1203,4.7,217,8228,63.3
286,705,1536,6.3,156,8714,67.3
287,596,1602,5.5,108,8537,65.6
288,787,1072,5.4,387,9712,74.3
289,422,1289,5.0,261,8669,66.5
290,622,1698,6.8,227,10457,80.5
291,340,604,7.3,328,8039,61.7
292,289,1292,5.6,237,8462,65.0
293,730,1509,5.6,351,10929,84.5
294,350,1056,5.4,339,8845,68.2
295,600,1475,5.0,87,8179,62.8
296,403,1592,5.4,237,9059,69.7
297,99,1494,7.0,92,8318,63.9
298,110,1198,4.8,204,8128,62.3
299,413,1442,7.0,198,9192,71.4
300,569,1422,4.7,336,9023,69.0
301,597,998,6.1,153,7083,54.9
302,275,528,6.8,268,7241,55.7
303,17,1735,5.5,229,10081,77.5
304,431,1108,7.1,344,9770,75.2
305,160,888,6.8,340,8417,64.7
306,263,826,6.4,101,6563,50.6
307,457,1019,5.6,335,8697,67.1
308,320,1251,4.9,128,6679,51.4
309,373,1173,6.3,291,8976,69.0
310,50,997,5.1,101,6249,48.2
311,155,601,7.1,106,6196,47.6
312,675,1775,7.1,380,11322,87.4
313,414,520,6.0,355,7820,60.3
314,709,1696,6.6,226,9961,76.7
315,687,541,6.7,147,6251,48.0
316,163,1157,5.5,152,8154,62.8
317,326,1521,5.0,173,8307,63.8
318,425,1363,5.8,192,8059,61.6
319,87,1417,6.0,102,8343,64.3
320,77,627,6.6,184,7278,55.7
321,675,1623,6.6,96,8482,65.6
322,663,1345,4.7,98,7298,56.0
323,313,1724,7.3,358,11223,86.4
324,568,1794,5.1,298,10212,77.9
325,419,1481,5.2,324,9081,70.0
326,601,1547,4.8,298,9095,70.2
327,259,1749,6.0,181,10326,79.1
328,384,1435,7.3,293,9857,75.7
329,715,1295,6.5,362,9908,76.2
330,655,1185,6.0,377,9913,77.0
331,255,1180,7.1,211,8450,64.9
332,707,1332,7.3,362,10239,78.8
333,325,1312,6.2,318,9076,69.8
334,549,502,6.9,149,6635,51.2
335,572,694,7.4,260,8141,62.3
336,327,1042,4.6,170,7448,57.3
337,663,874,6.3,147,7051,54.3
338,378,1377,6.6,239,9675,74.9
339,769,1788,6.1,281,10676,82.2
340,750,846,5.4,88,6160,47.6
341,721,1554,5.3,179,9110,69.7
342,728,983,7.2,204,8483,65.2
343,126,1441,7.1,153,8869,68.4
344,522,615,4.9,309,6897,53.1
345,595,1311,6.7,152,8537,65.3
346,428,1177,6.6,269,8896,68.4
347,428,1578,5.9,345,10606,81.6
348,169,654,5.7,377,8525,65.1
349,137,1178,5.5,136,7680,59.0
350,629,1622,6.7,153,9680,74.2
351,128,1403,5.9,167,8749,67.4
352,585,709,6.5,189,7631,58.8
353,71,1609,6.6,170,9012,69.1
354,336,800,7.4,305,8070,62.1
355,29,596,6.6,231,7029,54.0
356,532,610,4.7,96,6043,46.5
357,241,1520,5.2,145,7760,59.7
358,379,1592,6.3,160,8678,66.8
359,236,1645,4.6,327,9723,75.2
360,417,1481,5.9,122,8153,62.4
361,530,1662,5.4,110,8934,68.9
362,142,1706,5.0,283,9663,74.7
363,624,1198,4.6,107,7411,57.0
364,628,1322,4.6,305,9036,69.7
365,754,1739,5.0,137,9145,70.0
366,311,1168,7.3,282,8822,67.7
367,700,813,5.5,191,6860,52.9
368,84,1720,7.3,105,8393,64.8
369,795,566,4.8,304,6855,52.6
370,178,1258,6.3,81,7233,55.8
371,305,1708,6.1,321,10574,81.8
372,84,1468,6.4,369,9736,75.4
373,670,1287,7.0,147,9307,71.4
374,394,1132,5.7,235,8642,66.9
375,770,854,6.5,310,8150,63.0
376,124,1232,5.1,176,6947,53.3
377,715,1460,6.9,271,9389,72.0
378,294,1230,6.1,90,7530,58.2
379,197,1496,4.7,183,7767,59.9
380,529,1757,5.4,174,9239,70.8
381,34,1331,4.9,294,8924,68.6
382,425,1420,6.7,280,9860,76.0
383,384,1604,5.7,299,10234,78.7
384,48,1219,6.1,361,8919,68.5
385,353,875,6.3,379,9097,70.3
386,251,1532,5.6,113,8427,65.1
387,206,1572,7.5,284,10771,82.5
388,745,1774,6.8,189,10537,80.5
389,483,528,6.4,182,6079,46.6
390,132,1159,5.0,344,7767,59.8
391,608,580,5.6,249,7091,54.7
392,302,1145,5.6,222,8685,66.8
393,483,1121,6.6,141,7584,58.1
394,310,786,4.7,317,7263,55.6
395,514,1799,4.9,358,10736,82.6
396,549,1466,6.9,293,10533,80.9
397,234,1002,5.6,311,8594,66.5
398,667,1533,5.4,115,7886,60.7
399,498,821,4.8,181,6563,50.2
400,488,870,4.8,230,6976,53.7
