distancia_praia_km,area_m2,quartos,valor_aluguel
11.62,56.4,2,1556.42
6.61,98.1,3,2800.51
12.89,75.9,3,1969.8
10.48,67.9,2,2029.96
1.46,72.3,2,3485.33
14.64,80.6,3,2008.44
11.43,90.4,4,2118.21
11.8,50.0,1,1550.57
1.97,49.0,2,3017.86
6.78,102.6,3,2268.36
5.59,64.7,2,2042.65
13.91,39.6,2,1385.48
9.68,86.1,3,2583.38
12.35,86.6,3,2069.52
6.68,36.7,1,1883.39
3.45,80.7,3,2722.61
8.34,93.4,3,2292.59
1.0,84.4,3,3790.69
12.42,90.8,3,2039.46
9.49,39.9,2,1608.49
11.38,83.3,3,2381.84
5.35,67.4,2,2171.36
14.56,62.9,1,1914.61
13.4,96.8,4,2410.25
11.69,112.0,4,2773.43
2.96,119.9,4,3405.35
7.03,107.9,4,3037.3
0.7,72.3,3,4093.27
2.36,83.8,3,3051.91
10.26,94.2,4,2049.51
11.18,78.0,3,2480.48
14.51,78.3,2,2055.94
4.92,95.6,5,2708.38
5.59,73.5,2,2405.46
7.07,56.8,2,1982.93
2.88,64.6,3,3187.24
1.99,90.8,3,3151.82
7.16,75.1,2,1969.05
3.44,83.5,4,2800.26
10.06,91.8,3,1776.91
6.59,65.6,2,2183.01
12.5,93.9,4,2205.13
10.52,84.5,3,2237.55
4.72,44.1,1,2367.08
12.49,111.1,5,2460.65
12.08,62.5,3,1764.68
5.84,33.6,1,1649.87
4.36,48.9,3,2410.91
10.25,49.5,2,1531.38
2.14,76.3,3,3111.38
3.04,68.2,2,2882.68
0.16,66.6,3,4755.74
11.81,90.5,4,1822.69
9.99,83.5,3,1845.09
10.59,82.9,2,2272.64
11.72,85.2,3,2160.0
6.91,90.4,3,2140.68
8.55,28.0,1,1344.06
2.14,65.9,1,2936.22
1.76,28.0,1,2910.96
10.04,75.9,1,1541.42
7.09,74.9,3,1956.79
8.5,101.1,3,2365.71
11.49,104.7,5,2457.31
9.54,80.1,3,2181.42
8.33,62.5,3,1686.26
8.41,87.1,3,2246.22
4.59,61.8,2,2414.68
0.51,75.0,3,4493.75
6.58,99.7,3,2440.63
3.26,61.1,3,2606.15
6.16,95.1,3,2239.31
12.81,91.9,3,2122.46
3.55,51.1,2,2588.08
0.92,99.3,4,4345.55
4.26,92.5,4,2592.9
4.44,77.5,2,2284.49
9.95,55.9,1,1655.23
8.38,53.5,1,1565.34
11.77,61.6,3,1940.13
9.98,88.6,3,2245.96
6.13,51.1,2,2047.16
12.22,85.9,2,2266.32
2.55,44.0,2,2820.96
0.39,69.9,2,4178.83
1.4,77.7,3,3509.92
10.85,136.1,5,2784.96
6.96,40.6,2,1601.14
2.46,111.8,4,3311.77
7.54,78.7,3,2045.65
2.33,85.3,2,3039.39
10.46,78.0,2,1791.34
6.72,86.1,2,2101.89
5.75,71.2,2,2348.47
4.56,111.4,5,3037.98
9.47,63.6,2,2298.28
5.46,103.3,4,2704.87
1.36,58.9,2,3372.25
1.81,73.5,3,3390.25
14.43,48.2,2,1642.64
13.63,86.4,3,2163.91
10.51,111.1,4,2871.15
4.02,73.1,2,2262.8
14.54,70.1,2,1981.75
11.69,47.1,1,1540.5
10.77,69.3,1,1419.16
6.77,35.2,1,1706.15
4.12,52.2,2,2452.83
1.49,80.7,2,3388.6
13.54,108.0,4,2391.55
6.86,145.2,5,2699.87
3.08,60.3,1,2226.36
4.62,110.9,3,2991.26
8.71,81.1,3,2009.77
2.69,71.2,3,2713.11
12.86,85.8,2,2021.39
11.39,76.5,3,1892.03
10.81,77.8,3,1923.58
6.51,64.8,3,2217.8
9.43,40.0,1,1236.67
8.78,36.4,1,1272.44
9.77,91.3,3,2204.06
1.31,68.1,3,3851.32
6.27,60.1,2,2192.92
0.67,75.2,3,4113.71
7.44,94.9,3,2489.46
4.98,79.5,3,2247.44
2.21,58.6,2,3290.62
1.6,105.7,4,3712.12
8.84,114.5,5,2898.08
2.6,87.4,3,3003.07
13.88,99.3,2,2507.29
8.74,106.0,5,2669.22
5.24,103.3,4,2498.64
8.88,90.4,2,1985.55
0.39,90.0,3,4822.91
14.38,88.0,4,2400.06
7.26,47.6,2,1726.27
11.75,92.5,3,2161.22
1.29,41.1,2,3453.38
7.33,55.1,1,1737.23
7.39,107.6,3,2173.38
14.07,96.0,4,2108.19
8.6,112.2,4,2565.22
7.13,68.2,3,2298.28
4.04,46.2,2,2481.27
5.01,69.0,3,2450.29
7.83,77.6,3,2164.35
6.61,77.0,3,2332.99
0.37,103.3,4,4786.94
12.4,66.0,2,1750.39
13.45,83.8,3,1887.0
2.15,50.3,2,2622.74
8.33,86.3,3,2236.87
1.67,75.1,3,3526.3
10.1,56.3,2,1853.32
4.25,69.1,3,2548.27
9.91,70.4,2,1909.49
10.92,68.2,3,2031.35
11.54,119.3,5,2614.14
1.66,72.5,2,3451.94
13.74,68.9,3,1756.08
3.49,28.0,2,2196.7
0.61,52.6,2,4110.15
8.35,68.4,4,1956.37
5.6,57.9,2,2008.74
12.46,109.5,4,2290.82
12.13,70.9,2,1727.14
4.79,107.2,4,2588.6
14.3,76.5,3,2227.99
4.4,75.9,3,2688.27
7.75,72.8,3,2170.63
3.88,75.1,3,2980.91
14.04,118.0,4,2453.07
2.51,28.0,1,2985.59
0.72,28.0,3,3683.78
6.55,61.4,2,1983.45
14.89,75.4,2,1782.22
13.38,92.3,3,2211.68
11.24,86.8,3,2268.58
13.37,65.4,3,1845.49
13.41,100.5,3,2574.39
7.81,100.8,4,2487.77
4.77,79.6,3,2495.23
11.59,99.1,4,2138.29
9.94,81.8,2,2057.98
5.64,61.0,2,1997.5
1.46,92.4,3,3675.34
11.21,77.8,3,1856.57
3.97,75.0,3,3097.35
14.06,111.8,4,2376.14
3.65,28.0,1,1685.31
1.89,39.6,1,2664.98
12.48,45.3,1,1463.06
2.34,65.9,2,3044.91
2.73,68.6,3,3003.59
9.01,37.3,2,1689.97
13.12,50.4,2,1490.8
2.99,53.5,3,2710.29
4.69,136.4,5,3048.39
11.67,120.0,3,2304.24
14.58,64.7,2,1572.25
7.54,65.9,2,1668.31
2.2,46.3,1,2920.19
0.26,28.0,1,4121.4
3.48,72.1,2,2762.07
2.02,50.1,1,2846.11
10.18,72.9,3,2135.49
1.87,35.0,1,2417.68
7.62,56.0,2,1974.98
10.43,78.7,3,2068.69
8.74,84.2,3,2258.38
3.04,85.4,3,3019.25
12.07,42.0,3,1446.6
10.75,96.4,4,2005.1
11.1,55.0,1,1442.98
2.01,90.8,3,3563.59
1.9,74.7,2,3388.02
13.92,40.6,1,1143.87
5.99,67.1,2,1848.02
4.55,84.1,3,2382.43
7.35,90.3,4,2290.14
9.96,71.5,3,1698.42
14.34,113.3,4,2158.27
4.33,100.2,3,2568.42
13.88,68.6,2,1814.89
0.42,93.8,3,4437.94
8.35,123.3,5,2716.15
9.53,124.0,3,2718.02
1.63,44.3,1,2745.65
2.15,51.8,2,2846.2
6.32,112.1,4,2865.41
14.5,48.5,1,1410.43
8.96,41.9,1,1387.56
14.0,62.8,2,1971.79
12.08,85.5,3,2017.67
7.04,72.4,3,2324.43
11.78,58.7,3,1899.75
0.32,58.1,2,4251.99
1.68,57.2,2,3300.0
12.45,53.0,2,1714.71
11.96,132.0,5,2949.26
3.53,82.4,3,2645.3
7.99,97.2,4,2403.02
9.11,62.8,3,1894.14
13.02,70.4,3,2061.25
9.07,57.2,3,1646.67
6.22,28.0,1,1732.62
5.64,40.5,1,1812.57
6.42,29.7,1,1263.68
9.8,28.0,1,1581.18
13.02,45.1,1,1914.24
6.84,108.1,3,2675.85
3.76,73.9,3,2891.12
3.59,107.3,3,3003.71
11.2,85.3,3,1754.7
12.26,94.6,3,1799.43
1.62,52.5,1,3145.29
1.05,88.1,3,3933.74
8.94,93.2,3,2033.05
2.24,60.6,3,3018.05
12.38,89.0,4,2334.32
4.69,89.2,3,2261.05
2.2,61.3,2,2867.57
13.82,46.9,1,1782.9
2.52,45.4,1,2333.79
4.31,77.2,4,2781.01
2.35,83.2,2,3006.94
1.78,55.2,1,3133.14
0.37,75.7,3,4763.76
0.88,89.3,3,4351.1
2.66,90.5,3,3322.05
0.85,113.8,4,4342.99
8.89,106.9,5,2777.39
10.23,50.0,1,1379.58
5.93,117.1,3,2702.79
4.8,61.7,3,2308.47
7.59,101.1,4,2552.1
13.13,76.7,2,1950.1
12.77,64.7,1,1496.38
0.7,29.8,1,3295.38
2.76,70.7,2,2976.1
3.59,36.0,2,2210.8
3.78,99.2,3,3083.28
8.59,112.9,4,2516.63
6.27,55.1,2,1614.26
0.79,82.5,2,4305.4
5.64,56.9,3,2009.23
7.88,59.3,1,1789.7
1.57,94.4,4,3715.48
12.51,74.0,3,2288.99
0.83,118.5,5,4562.15
13.88,62.9,3,1773.15
1.53,100.0,2,3748.29
12.66,77.4,2,1674.52
13.54,94.9,3,2228.44
14.69,63.8,2,2068.8
12.04,73.8,3,1864.2
11.7,72.1,3,2027.87
9.66,54.1,2,1154.06
11.7,91.6,3,2136.05
2.06,91.3,2,3266.41
8.06,89.8,3,2053.69
7.74,113.4,4,2785.98
12.87,111.2,3,2264.18
6.97,65.6,3,2005.14
5.81,84.3,4,2361.21
9.61,59.4,2,1374.86
4.03,75.6,1,2128.07
2.14,60.0,1,3066.79
7.19,115.5,5,2302.09
6.28,84.1,3,2131.05
3.53,69.5,1,2346.02
5.54,104.8,4,3023.86
5.53,28.0,1,1762.17
4.95,28.0,2,1682.77
5.72,94.9,4,2814.31
10.3,76.5,3,1865.63
4.49,81.3,3,2712.7
14.24,41.8,2,1256.3
13.75,74.4,4,2270.91
7.24,125.1,5,2735.5
4.96,95.6,2,2262.85
8.05,79.2,3,2068.44
12.74,64.0,3,1913.83
9.81,65.1,3,1811.34
12.08,28.0,1,1414.7
8.01,81.4,4,2119.2
9.51,96.1,4,2451.92
4.36,35.6,3,2168.9
11.04,58.5,2,1709.06
3.08,46.1,1,2247.85
10.44,50.9,2,1685.39
12.92,76.3,2,1990.14
2.02,28.0,1,3029.61
9.23,90.4,2,2266.65
1.47,93.8,3,3999.51
10.9,68.7,3,2543.04
1.31,28.0,1,3159.63
14.04,50.1,3,1808.85
2.1,105.8,4,3793.93
14.39,28.0,2,1187.7
12.02,66.3,3,1798.71
8.93,45.5,2,1538.06
11.75,95.1,4,2407.81
11.94,58.1,3,1771.45
14.19,85.1,3,2088.93
3.84,89.1,3,2954.21
8.87,120.9,5,2867.98
1.47,69.9,2,3432.97
9.26,84.4,3,1983.88
2.61,37.9,3,2862.19
8.5,104.8,4,2602.9
8.61,56.0,2,1434.56
7.02,61.0,3,1928.35
7.86,74.4,3,2106.43
11.47,35.9,1,1545.29
12.0,80.7,1,2013.71
7.41,99.2,4,2503.62
9.01,82.3,2,2121.69
13.97,35.3,2,1477.05
1.84,71.9,3,3221.31
1.8,93.6,4,3644.0
1.36,28.1,1,3026.06
9.89,48.1,1,1531.48
6.31,96.9,4,2132.3
11.63,81.8,3,1967.13
10.08,85.3,3,2117.46
5.04,121.5,4,2858.29
13.48,86.7,5,2231.29
11.45,91.4,4,2342.36
4.09,142.8,5,3196.48
5.49,69.7,3,1905.13
4.75,55.1,3,2130.07
2.41,85.7,3,3353.92
2.26,86.0,2,3512.35
14.05,61.8,2,1885.3
6.6,49.2,2,1512.43
5.78,132.7,4,2877.72
10.96,83.2,3,2120.75
8.32,56.7,2,1810.11
14.05,97.9,4,2397.73
11.72,72.3,3,1767.21
7.22,68.7,3,2067.05
5.68,89.1,4,2584.38
14.8,42.7,2,1700.19
10.78,83.8,3,1917.08
14.27,122.8,4,2468.93
1.82,86.7,2,2874.86
12.77,65.6,2,1649.85
9.57,62.3,2,1683.38
1.87,64.7,3,3063.02
8.84,68.7,3,2007.51
10.31,65.6,3,1893.35
0.23,97.9,3,4463.47
6.84,31.7,1,1554.59
12.39,96.6,4,2101.46
4.47,65.5,4,2554.02
6.91,84.4,4,2076.75
6.66,46.8,2,1783.01
4.56,108.2,4,2809.5
13.78,106.1,3,2333.73
11.73,99.0,4,2342.44
1.7,37.1,1,2839.82
14.96,95.7,3,1857.3
13.19,85.1,3,1770.9
4.29,34.9,2,1871.57
12.56,74.4,2,1862.08
1.64,84.1,2,3376.12
14.99,88.9,3,2221.51
10.0,79.4,2,1893.1
9.77,82.3,3,1890.24
1.4,111.8,4,4076.01
13.46,105.7,4,2415.94
0.48,28.0,1,3820.9
3.65,67.1,1,2743.38
2.19,70.9,2,2924.55
11.66,31.2,2,1425.59
3.01,77.4,2,2859.2
13.66,106.2,3,2270.03
9.86,47.8,2,1535.99
0.59,83.4,4,4193.49
0.13,52.1,2,4366.82
0.82,58.2,1,3528.35
9.11,111.9,4,2152.12
12.03,61.4,1,1479.26
3.62,86.6,3,2561.7
12.75,28.2,1,1417.05
0.91,121.6,4,4720.89
12.02,90.1,3,1944.72
13.92,70.4,2,1763.41
11.59,89.4,3,1751.44
10.49,39.8,2,1444.3
12.58,104.6,3,2345.37
0.65,66.9,3,4347.14
3.07,69.9,3,2635.02
1.92,62.7,2,3329.19
7.59,60.5,2,1545.94
11.19,92.4,2,1808.61
9.47,81.4,3,2223.85
12.77,91.3,3,2465.37
2.37,74.8,1,3009.23
11.03,87.8,3,2106.32
2.94,64.5,2,2231.49
4.1,130.7,5,2884.45
10.66,35.8,1,1426.08
14.7,106.5,3,2201.77
9.19,109.2,5,2346.81
0.86,53.7,3,3876.89
9.26,130.7,4,2703.9
0.68,99.9,3,4673.45
13.27,99.3,4,2335.18
10.66,75.7,1,2044.88
2.64,69.6,1,2741.13
1.42,69.8,2,3474.91
2.79,84.8,4,3343.63
14.7,110.0,4,2212.7
6.91,79.5,3,2747.01
11.77,52.2,3,1824.12
9.56,95.6,5,2497.69
8.61,98.0,3,2380.83
2.22,91.4,3,3723.86
14.19,93.6,4,2404.78
4.56,68.2,2,1945.13
8.69,51.8,2,1991.49
10.51,53.3,1,1509.63
9.76,34.1,1,1422.91
14.11,80.9,3,1763.77
2.27,72.9,2,3144.23
7.65,64.0,2,1750.39
6.09,28.0,1,1562.56
7.14,43.8,2,1653.68
1.83,103.0,4,4157.84
2.05,58.4,2,3401.75
4.21,84.0,3,2606.19
4.61,40.2,1,1889.35
6.45,111.0,4,2562.63
9.18,71.4,3,2211.48
9.54,82.3,5,2223.26
6.21,133.1,5,2896.96
6.16,112.9,4,2880.0
3.3,67.3,3,2566.75
8.85,60.2,3,1881.49
4.79,66.9,2,1894.32
0.59,87.7,3,4587.18
6.31,72.4,3,2552.59
7.14,65.1,2,2067.74
3.42,111.7,4,3473.21
8.61,72.1,3,1847.59
8.51,132.5,5,2871.98
10.54,77.3,2,1728.64
9.74,119.6,3,2411.42
9.8,83.9,2,2152.97
4.78,99.1,3,2654.72
11.82,56.9,1,1313.0
8.26,53.7,2,1484.2
6.5,86.5,2,1911.59
9.41,99.7,3,2364.86
5.44,76.0,2,2613.26
7.72,42.8,1,1837.27
11.06,41.0,2,1166.76
13.3,39.3,2,1791.89
13.82,30.8,1,1507.2
7.58,77.7,2,1712.6
7.83,103.1,3,2301.25
12.01,74.7,3,2190.7
4.75,28.0,1,1838.79
12.57,70.2,2,1559.84
7.44,70.9,3,2184.14
1.78,127.4,3,3518.49
1.13,38.6,2,3350.5
12.64,65.2,3,2098.7
0.88,117.6,4,4589.52
4.25,86.2,4,2610.26
5.05,89.1,3,2666.84
2.64,77.9,3,3217.48
4.74,83.2,3,2744.51
11.15,94.4,3,2353.56
0.27,54.8,2,4557.16
12.42,97.0,4,2437.45
12.86,40.7,2,1577.61
5.62,83.2,4,2466.73
2.35,79.5,3,3119.43
9.03,59.6,3,1634.52
1.84,74.4,2,3090.02
5.51,59.4,3,2068.68
14.38,48.2,1,1539.82
14.93,66.2,3,2157.81
11.59,47.4,3,1694.73
4.7,83.1,3,2689.47
10.33,46.2,1,1726.02
10.6,92.8,3,2124.93
5.85,45.5,2,1962.92
9.63,60.8,3,1823.01
0.21,59.4,2,4716.72
3.18,108.1,4,3348.98
7.9,83.3,3,1922.18
2.5,69.7,3,3032.94
2.53,87.5,4,3595.1
12.55,28.0,2,1363.57
14.84,73.9,3,2036.47
8.36,124.9,5,2864.06
12.59,78.3,3,1795.17
14.86,76.7,2,1977.01
2.17,88.7,4,3167.6
6.75,97.4,4,2350.49
5.92,28.0,1,1776.15
1.25,32.9,1,3219.94
11.34,80.3,3,1974.25
6.53,57.1,2,1980.46
7.07,107.8,5,2643.37
2.3,67.1,3,3069.07
2.75,28.0,1,2409.98
13.61,43.3,1,1300.49
0.72,28.0,2,3637.35
3.53,69.1,2,2459.51
4.42,70.3,1,1897.9
7.38,64.4,3,1816.61
8.82,102.0,4,2721.73
7.42,105.0,4,2581.16
1.31,70.7,2,3318.72
3.69,28.0,2,1757.58
12.66,90.4,3,2100.53
9.58,88.9,4,2566.24
9.75,82.7,3,2050.37
10.07,99.5,4,2609.83
11.46,45.9,2,1660.03
0.92,125.2,4,4722.6
5.53,51.0,2,1671.3
8.12,93.7,3,2441.06
5.11,32.8,1,1649.54
12.67,51.7,2,1808.5
7.26,112.9,4,2430.58
11.54,68.5,3,1950.09
12.79,96.0,4,2348.4
7.6,80.9,3,2121.7
13.65,72.4,3,2017.67
8.83,109.1,4,2425.46
12.76,69.1,2,1679.41
5.14,30.5,1,2009.99
7.51,54.9,3,2107.56
7.99,88.8,2,1958.6
1.62,84.9,3,3731.96
6.01,35.8,1,1480.53
13.76,56.9,2,1444.27
9.48,60.5,2,1979.41
2.7,65.9,1,2336.97
5.12,40.6,2,2078.35
2.91,59.3,2,2579.16
0.42,56.8,1,4061.75
13.92,94.3,4,2336.4
6.75,95.2,4,2569.86
4.65,71.4,3,2215.75
9.0,65.2,3,2077.52
0.16,78.5,3,4821.69
4.21,54.6,3,2051.68
10.56,46.3,3,1672.95
9.52,51.5,3,2057.83
14.73,59.1,2,2034.6
9.32,45.9,2,1774.59
7.19,79.1,3,1922.01
11.43,93.2,2,2161.13
13.55,35.3,2,1636.45
10.82,75.6,4,2240.72
14.45,69.5,3,2061.26
11.74,83.5,4,2235.05
13.01,74.7,3,1949.0
1.76,38.7,1,2749.14
11.0,43.4,2,1191.24
6.63,75.7,2,2136.46
8.32,100.7,3,2351.8
9.83,28.0,2,1550.33
14.55,83.6,4,1877.39
14.77,104.7,3,2384.16
4.36,71.2,3,2847.37
11.02,88.8,3,2140.23
11.26,57.4,2,1694.86
5.23,72.0,3,2352.12
1.9,34.5,2,3254.47
0.66,28.0,1,3379.19
11.67,98.6,4,2354.81
7.37,50.4,2,1601.4
14.78,63.6,3,1734.72
7.0,40.3,1,1575.51
14.67,39.8,3,1875.95
6.2,70.7,3,2518.43
11.92,56.8,2,1783.12
1.32,84.4,2,3638.03
8.35,86.3,3,2667.86
12.04,83.0,4,2068.79
13.87,81.0,3,1907.46
12.35,114.4,3,2010.48
0.6,48.3,2,4222.1
5.62,73.6,2,2346.48
0.78,103.3,5,5112.51
1.68,106.6,4,3620.15
10.15,39.5,2,1838.38
10.71,67.2,3,1927.39
11.62,109.0,3,2479.96
12.99,87.7,3,1764.06
11.1,79.9,3,2328.0
12.02,69.6,3,2077.8
0.78,65.4,2,3942.16
3.56,82.2,2,2773.27
9.35,68.7,3,1805.16
12.88,73.9,2,1740.48
0.12,77.0,3,4736.71
7.74,58.0,1,1345.14
10.18,88.3,3,2306.48
0.49,147.9,5,5583.36
6.05,30.6,2,1532.5
13.44,83.1,3,2114.52
10.09,56.0,3,1759.9
3.6,89.4,3,2870.44
12.8,76.2,2,1754.41
5.25,94.0,4,2430.68
12.81,104.4,4,2572.27
4.52,79.8,3,2477.17
8.88,103.3,4,2823.42
5.98,28.0,2,1663.6
4.16,114.8,5,2930.92
13.3,84.4,3,2304.07
2.85,101.9,4,3404.62
1.32,44.5,2,3459.72
5.16,54.2,1,2160.96
10.78,78.6,3,1895.66
12.12,74.6,3,1944.08
14.98,82.1,4,2094.21
4.48,102.1,4,2562.73
6.15,30.9,1,1512.59
2.1,99.3,3,3755.41
8.64,75.2,3,2094.13
14.96,69.9,2,1537.34
10.53,38.2,2,1215.28
8.95,87.6,3,2492.58
5.92,28.0,1,1542.94
13.73,91.2,3,1994.88
7.48,37.7,2,1572.76
2.06,76.3,3,2983.56
5.51,72.0,4,2635.7
1.05,104.2,3,4134.53
3.07,70.5,3,3057.11
0.31,57.6,3,4436.47
6.83,62.3,2,2204.17
9.54,106.8,3,2385.39
5.18,88.4,4,2732.45
6.33,65.4,2,2136.32
14.39,69.1,2,1925.15
11.29,35.8,1,1460.38
8.14,84.7,3,2116.06
4.3,31.0,1,2230.29
13.46,93.8,3,1970.38
3.56,78.2,3,2705.11
4.91,134.7,4,3070.87
13.64,47.5,1,1568.3
7.97,72.4,2,1861.87
11.15,120.0,3,2497.64
8.88,104.8,3,2300.23
9.82,57.6,2,1418.66
4.53,80.6,3,2497.89
3.66,75.0,3,2423.81
4.87,82.0,3,2100.8
2.37,57.5,2,2864.92
13.12,72.8,3,2041.35
4.28,35.0,2,2096.85
8.44,78.4,3,2199.99
11.89,86.3,3,1702.28
11.77,69.3,2,1547.87
6.6,34.6,1,1954.79
7.17,99.7,5,2358.0
14.92,84.1,3,2170.85
10.14,56.8,1,1482.57
12.23,68.0,3,1918.45
13.54,37.5,2,1361.68
11.82,49.4,2,1732.84
2.82,61.6,3,2814.39
8.45,105.7,3,2269.48
1.57,59.0,1,2980.94
9.81,91.0,3,2222.84
14.33,61.5,1,1382.18
7.72,81.2,3,2234.28
6.52,71.5,3,2661.34
0.59,96.8,2,4707.38
14.4,61.6,1,1769.12
1.59,35.7,1,2928.1
0.66,40.5,1,3321.17
3.73,61.7,2,2127.31
1.03,43.8,2,3781.53
6.85,85.3,4,2188.76
7.77,63.4,3,1828.22
4.72,134.4,5,3164.99
0.81,31.6,1,3273.34
1.72,80.1,2,3163.39
5.8,46.8,2,1852.73
0.95,62.7,2,3600.28
10.49,78.5,3,1881.96
3.14,28.0,2,2078.13
4.57,80.9,3,2595.68
5.94,122.6,4,2758.34
6.28,63.7,3,2044.6
0.07,81.5,1,4851.55
1.73,100.6,4,3779.31
12.95,70.9,2,1770.23
0.07,60.5,2,4716.26
7.65,28.0,1,1554.3
7.37,91.0,3,2237.92
5.03,72.2,2,2239.28
6.5,49.7,2,1663.46
11.72,78.2,3,1837.48
12.63,60.4,2,1877.02
3.94,61.8,2,2427.39
4.87,90.2,4,2720.74
3.68,41.5,1,2159.57
7.22,101.2,4,2488.3
10.26,40.1,2,1689.8
3.46,58.4,1,2522.74
4.99,123.1,5,3220.88
13.96,103.2,3,2223.12
0.78,77.4,3,4447.34
6.94,51.5,1,1747.55
10.69,61.8,2,1886.17
2.3,76.8,4,3319.97
0.76,75.9,2,4121.98
2.12,72.7,2,2964.66
13.79,74.2,2,1994.34
0.19,69.6,4,5345.51
2.87,39.0,1,2266.85
0.52,62.1,2,4171.82
1.7,97.9,3,3609.61
9.32,40.8,1,1382.52
3.66,70.3,2,2805.82
8.56,54.5,3,1708.15
8.87,77.8,4,2069.53
12.75,65.3,2,1453.79
0.12,111.9,4,5126.88
12.81,87.7,3,1753.18
9.31,42.2,1,1620.77
2.48,91.8,4,3890.44
11.61,55.6,3,1711.52
12.84,60.6,3,1490.29
3.85,82.8,3,2851.14
13.79,62.7,2,1593.68
6.84,97.3,4,2727.36
9.07,55.6,2,1679.3
14.77,59.5,2,1576.79
5.45,58.6,1,1889.53
12.21,60.9,2,1883.26
4.81,102.5,4,2717.58
12.0,90.7,3,2032.34
9.03,117.7,5,2618.23
3.28,131.7,5,3270.47
6.24,49.2,2,1918.65
4.8,76.8,3,2050.48
1.22,45.6,1,3208.73
0.5,55.6,1,4164.07
5.23,59.2,2,2122.93
0.33,48.6,2,4333.09
2.52,48.7,1,2568.84
10.89,71.4,2,2086.44
10.64,44.6,1,1673.48
11.09,96.1,4,2385.76
4.79,52.1,2,2248.09
13.36,145.2,5,3016.41
8.93,63.7,3,1833.41
1.93,76.8,3,3085.48
2.2,42.6,1,2754.42
10.41,117.7,4,2632.85
2.64,103.0,3,3491.63
7.63,82.4,5,2178.53
14.88,41.3,2,1339.52
0.11,80.3,3,4965.84
0.3,47.0,2,4216.53
14.9,111.6,3,1946.59
8.79,95.2,4,2416.18
1.95,77.4,2,2878.73
13.46,28.0,1,1104.72
13.21,50.4,2,1889.55
8.07,92.2,4,2705.89
9.35,105.3,4,2181.13
4.13,102.7,4,2836.12
0.81,35.2,1,3530.28
8.94,82.5,3,2465.21
4.46,100.4,3,2609.32
9.97,33.5,2,1395.23
12.55,74.8,3,2277.56
0.32,81.8,2,4482.6
8.96,67.5,2,2002.73
3.51,28.7,2,1828.41
13.11,66.9,3,1850.59
3.84,66.8,3,2181.8
9.18,71.3,2,1678.19
8.33,60.9,3,2084.01
5.97,63.9,2,2004.46
10.18,74.0,2,1827.31
10.9,86.1,4,2049.59
8.53,67.4,3,1928.79
11.39,64.8,2,1839.73
14.75,77.3,2,2077.8
6.32,28.0,1,994.43
7.74,86.9,4,2138.34
0.24,75.0,2,4607.21
11.95,76.0,3,1965.42
7.83,99.0,3,2401.57
6.15,28.0,1,1589.81
1.46,28.0,1,2892.02
13.35,81.8,3,1927.02
5.96,74.8,2,2075.44
10.25,79.3,3,2272.47
2.28,63.4,2,2792.76
14.43,91.6,2,2012.78
2.72,98.3,4,3330.34
3.03,87.1,4,3375.87
12.89,68.5,3,1842.23
13.69,28.0,1,1484.32
3.22,94.2,4,3315.86
7.07,105.5,4,2519.64
11.02,91.1,3,2105.39
13.18,53.0,2,1579.59
5.72,91.8,3,2371.24
7.78,96.5,5,2669.38
11.14,114.0,5,2621.03
10.98,53.1,1,1615.19
11.76,69.3,4,1795.13
8.57,93.7,3,2040.86
1.61,76.4,3,3968.25
13.56,47.1,2,1548.66
12.99,85.4,2,1815.66
11.98,89.5,3,2406.11
1.54,77.2,3,3648.66
3.11,80.5,3,2985.32
11.17,68.5,3,1891.8
0.4,112.0,5,5012.7
14.69,52.5,2,1599.5
5.69,60.3,2,1734.53
10.8,75.3,3,1975.31
13.32,97.0,4,2343.77
5.95,37.6,2,2123.74
4.82,42.2,1,1875.52
9.15,28.0,1,890.36
8.74,75.8,2,1930.16
6.17,47.0,1,2272.16
9.05,65.4,3,2107.62
14.03,91.5,4,2063.78
7.04,59.0,2,1987.76
2.99,80.8,4,2866.8
5.69,67.5,3,1912.32
5.94,91.8,3,2327.09
2.01,86.9,3,3429.91
2.48,57.7,3,2515.07
10.28,70.8,2,1627.29
5.13,101.1,4,2698.5
14.33,84.8,3,1976.09
3.69,40.1,1,2165.61
1.53,91.4,2,3397.86
11.31,47.9,2,1754.36
13.22,110.3,3,2081.4
4.21,100.6,5,3291.44
3.07,82.2,2,2457.48
2.83,78.9,2,2637.65
7.85,69.8,3,2111.32
7.05,92.0,4,2731.66
3.93,65.7,2,2442.9
0.73,80.9,3,4361.88
7.25,96.8,2,2236.58
14.39,61.0,2,1514.21
9.81,59.6,1,1557.26
7.46,45.1,1,1360.39
1.7,48.4,2,2848.11
3.82,29.3,1,2024.26
4.46,93.2,3,2411.26
11.48,120.2,4,2596.31
13.16,110.6,3,2061.16
13.53,34.3,1,1415.66
14.77,93.1,4,2141.42
14.74,110.6,4,2695.57
14.3,63.6,3,1910.58
1.12,77.5,3,4138.87
2.11,28.0,1,2418.83
4.6,81.7,3,2504.68
8.32,48.4,2,1495.38
1.5,80.0,3,3563.71
12.69,36.0,1,1326.31
9.27,88.6,3,2014.41
8.16,100.6,3,2077.6
2.52,55.4,2,2466.14
3.84,46.6,2,1743.77
2.45,28.0,1,2194.66
12.79,68.3,2,1926.5
8.78,60.5,1,1374.81
11.04,36.2,2,1224.62
4.48,86.3,3,2921.06
5.6,63.8,2,1930.08
6.1,48.1,2,1906.69
11.41,61.1,2,1870.72
11.6,101.8,3,2379.48
3.14,90.1,4,2750.91
14.13,71.7,2,1781.32
1.85,90.5,3,3212.7
13.45,46.0,2,2063.09
1.55,75.8,3,3252.86
4.0,78.7,3,2383.12
12.7,63.3,2,1543.54
2.73,85.9,3,2766.3
6.23,55.5,2,2173.75
6.78,87.7,4,2860.7
3.72,88.8,3,2670.32
10.67,28.0,1,1057.94
12.78,104.8,4,1918.69
13.12,28.0,2,1346.95
5.12,59.6,3,2119.7
7.99,100.6,5,2398.52
3.76,67.1,2,2481.99
3.71,38.3,2,2242.22
2.46,47.7,1,2663.06
14.1,100.7,4,2254.43
13.33,28.0,1,1074.18
11.67,103.2,3,2393.34
7.79,73.6,2,1971.51
7.38,45.2,2,1886.38
7.97,60.4,3,2085.78
8.07,49.6,2,1430.56
6.55,96.7,3,2098.56
2.02,93.3,3,3319.14
1.93,32.0,1,2495.01
14.29,64.9,3,2009.93
7.26,53.4,3,1968.67
14.3,107.3,4,2602.68
2.5,41.2,1,2594.94
8.34,115.1,2,2399.47
3.16,74.2,2,2929.51
3.84,46.0,2,2299.67
0.5,58.1,2,4150.81
1.83,55.0,2,3388.93
13.76,43.1,3,1666.25
4.86,77.4,4,2442.52
9.14,44.3,2,1452.94
7.0,28.0,1,1603.04
6.04,65.5,2,2270.24
8.0,29.9,1,1411.17
2.85,56.2,3,2983.04
14.83,52.3,2,1236.96
12.28,53.2,2,1642.98
11.14,125.0,5,2676.81
7.06,76.4,2,1896.71
2.34,81.1,3,3664.35
13.81,30.6,1,1304.73
5.15,58.7,1,1887.82
0.8,80.4,2,4087.64
5.17,49.4,1,1472.75
11.93,97.7,4,2150.42
9.36,44.9,2,1816.63
11.28,67.8,3,1785.14
11.91,60.3,3,1662.82
3.22,79.1,2,2980.37
13.86,59.0,2,1969.78
6.6,68.2,3,2199.48
9.6,69.1,2,1764.46
0.08,56.6,2,4523.63
14.9,87.1,2,1817.91
4.25,81.0,4,2459.1
