id_estufa,temperatura_externa_c,umidade_relativa_pct,custo_energia_rs_dia,consumo_kwh_dia
1,33.3,67,210.97,256.6
2,12.3,38,155.5,190.9
3,23.7,57,136.87,168.7
4,30.0,73,168.77,203.9
5,27.8,57,150.68,183.6
6,35.0,92,245.89,302.4
7,33.0,54,199.88,242.1
8,35.1,87,222.56,272.8
9,3.0,52,284.79,345.3
10,17.7,56,136.84,165.1
11,19.5,76,143.71,174.4
12,4.3,65,240.34,293.1
13,2.2,91,302.62,369.9
14,31.9,88,187.97,228.3
15,37.4,48,216.65,264.6
16,30.2,51,165.53,200.8
17,13.4,72,163.2,199.3
18,27.4,82,163.31,200.7
19,12.8,37,151.79,185.8
20,28.7,89,177.09,215.9
21,12.1,53,175.17,214.1
22,30.2,39,164.44,200.4
23,37.6,47,262.81,321.4
24,37.5,82,298.8,362.8
25,33.8,47,204.17,249.5
26,34.9,38,212.07,258.1
27,27.5,69,175.37,215.5
28,22.0,89,140.4,170.4
29,35.2,50,213.22,258.5
30,5.2,63,248.71,302.7
31,15.3,55,126.99,155.1
32,23.8,91,163.43,200.2
33,19.2,86,164.91,200.5
34,30.5,62,160.79,195.5
35,9.0,94,202.41,248.1
36,4.2,44,262.01,319.5
37,6.6,57,238.74,290.6
38,36.7,67,229.56,280.7
39,6.8,80,237.48,289.0
40,10.1,76,190.12,232.1
41,15.6,57,124.51,150.4
42,24.4,91,149.95,184.1
43,30.2,94,186.49,226.9
44,4.8,85,261.28,318.5
45,35.5,60,225.07,276.3
46,29.5,83,175.32,214.7
47,13.6,47,147.33,180.5
48,8.8,41,188.87,229.4
49,23.5,35,124.28,151.9
50,23.4,82,157.28,191.8
51,11.6,93,197.34,240.5
52,8.1,49,193.96,234.0
53,29.6,77,167.18,204.1
54,26.2,47,129.73,156.3
55,30.8,80,202.97,247.7
56,9.9,41,181.77,223.2
57,28.0,64,147.04,180.1
58,4.7,81,246.4,301.7
59,2.3,93,290.73,354.9
60,8.5,74,207.11,254.0
61,30.2,75,166.88,204.4
62,21.4,56,130.45,157.2
63,24.2,41,138.86,169.1
64,23.3,82,144.27,175.6
65,24.9,35,133.32,160.8
66,13.6,79,147.84,181.9
67,27.9,50,150.52,183.0
68,2.5,33,277.69,339.1
69,15.6,40,124.05,151.3
70,4.0,65,277.77,339.4
71,6.5,51,222.16,270.8
72,34.6,39,193.37,234.6
73,23.7,51,126.92,153.6
74,30.5,82,196.92,239.9
75,23.8,77,130.96,158.9
76,22.6,60,132.95,163.3
77,30.6,54,156.17,193.3
78,24.4,94,160.33,194.5
79,20.4,63,129.07,155.4
80,22.0,74,139.45,169.6
81,22.5,84,154.0,188.4
82,14.3,63,153.47,187.1
83,26.0,71,156.21,189.3
84,16.6,59,145.93,179.1
85,25.6,84,160.05,195.1
86,19.5,80,146.29,177.8
87,28.9,59,158.34,194.1
88,27.0,84,171.1,206.6
89,3.4,45,278.39,338.7
90,30.2,53,185.67,224.8
91,34.3,74,238.74,292.2
92,13.9,38,132.45,161.3
93,28.4,90,179.67,217.6
94,32.4,31,175.52,213.6
95,20.0,90,162.56,197.0
96,6.6,49,229.84,282.1
97,28.3,88,157.95,192.7
98,32.2,50,182.25,224.2
99,13.2,81,150.48,184.0
100,9.9,65,184.24,224.4
101,29.6,58,153.25,187.0
102,20.6,65,126.59,155.6
103,2.5,95,316.35,385.5
104,9.0,88,203.64,247.7
105,9.8,50,177.7,216.8
106,22.9,46,126.52,153.5
107,22.1,91,162.21,196.7
108,20.6,38,101.61,122.7
109,14.3,36,156.27,190.9
110,16.1,73,141.13,171.6
111,20.0,42,110.36,135.2
112,22.5,30,115.8,141.3
113,22.3,72,146.98,178.2
114,27.8,37,166.05,202.6
115,37.8,45,256.54,313.3
116,29.0,78,165.0,201.8
117,19.7,92,148.1,180.1
118,37.2,59,239.83,290.9
119,6.5,61,234.11,284.6
120,36.3,34,226.55,276.5
121,20.0,63,130.37,158.2
122,19.4,43,135.65,164.5
123,32.6,65,178.46,216.2
124,23.9,37,115.41,141.4
125,31.6,48,164.26,199.7
126,15.3,86,152.61,186.5
127,21.9,52,108.95,133.4
128,25.4,82,164.6,199.5
129,10.5,73,177.23,215.6
130,29.5,37,147.17,179.4
131,7.6,60,225.77,274.0
132,6.8,64,241.05,293.8
133,11.7,61,182.48,223.4
134,31.2,43,143.41,174.0
135,19.1,50,123.16,151.1
136,3.3,79,275.48,336.8
137,9.1,68,190.97,233.3
138,22.3,57,121.56,148.4
139,4.2,60,253.2,307.9
140,13.4,59,162.57,198.6
141,9.6,62,184.19,226.4
142,26.8,66,135.17,165.4
143,7.2,89,213.04,259.5
144,15.3,31,132.17,161.3
145,18.2,70,121.59,148.4
146,34.5,35,202.14,247.7
147,16.5,36,121.87,149.0
148,6.9,92,229.74,279.6
149,17.2,71,146.44,178.0
150,15.4,63,142.26,174.3
