id_lote,altitude_m,umidade_grao_pct,classe_bebida,preco_saca_rs
1,1058,11.7,regular,1075
2,1058,11.3,regular,1124
3,1227,11.0,regular,1183
4,987,12.4,rio,774
5,1098,11.3,regular,1192
6,1021,11.2,regular,1069
7,1130,10.9,regular,1159
8,1260,11.2,fina,1470
9,1154,12.5,rio,772
10,1309,12.7,rio,783
11,940,12.5,rio,806
12,1189,11.8,regular,1032
13,686,12.4,rio,831
14,1438,10.9,fina,1511
15,1108,10.0,regular,1065
16,1333,11.7,fina,1532
17,1229,11.5,fina,1442
18,974,10.3,regular,1076
19,1106,13.3,rio,864
20,1279,11.5,fina,1458
21,1556,11.4,fina,1457
22,1176,10.5,regular,1091
23,1128,12.3,rio,821
24,1429,12.0,fina,1449
25,1214,11.7,regular,1187
26,1478,11.2,fina,1530
27,1173,12.9,rio,873
28,1336,11.3,fina,1591
29,1157,12.9,rio,785
30,999,10.5,regular,1030
31,707,10.5,regular,1155
32,1343,13.1,rio,820
33,1160,12.4,rio,792
34,1447,11.5,fina,1455
35,1552,11.0,fina,1464
36,1190,11.6,fina,1593
37,1453,11.8,fina,1495
38,1149,11.6,regular,1096
39,1373,12.1,fina,1501
40,1019,12.3,rio,735
41,1244,13.1,rio,845
42,1110,12.7,rio,791
43,1141,11.4,regular,1093
44,1490,12.6,fina,1602
45,1320,10.6,fina,1502
46,1196,13.0,rio,893
47,1047,12.1,rio,773
48,954,11.0,regular,1114
49,1131,11.2,fina,1468
50,1020,12.2,rio,839
51,1309,10.9,fina,1542
52,1026,12.6,rio,849
53,1125,12.9,rio,806
54,1104,10.1,regular,1157
55,1023,12.7,rio,795
56,1252,10.9,regular,1101
57,1248,11.1,fina,1549
58,1180,10.7,regular,1089
59,1284,12.6,rio,814
60,971,11.5,regular,1066
61,906,11.3,regular,1108
62,939,10.8,regular,1193
63,1249,11.7,regular,1079
64,959,10.9,regular,1055
65,1324,11.1,regular,1131
66,1094,12.8,rio,773
67,1612,11.0,fina,1511
68,1143,11.3,regular,1072
69,1514,11.2,fina,1537
70,1211,13.3,rio,808
71,1336,11.9,rio,885
72,1469,11.0,fina,1591
73,997,9.8,regular,1110
74,1023,11.4,regular,1020
75,1073,10.4,fina,1508
76,909,11.5,regular,1121
77,1242,12.3,rio,790
78,1436,11.4,fina,1493
79,1263,11.2,fina,1464
80,1338,11.4,fina,1509
81,1141,10.9,regular,1157
82,1272,10.9,fina,1380
83,1133,12.9,rio,776
84,1208,12.3,regular,983
85,1543,11.1,fina,1490
86,993,11.5,regular,1109
87,1014,13.5,rio,854
88,1118,12.8,rio,839
89,1039,11.5,regular,1113
90,1189,12.0,rio,908
91,1243,12.4,rio,814
92,1369,12.0,fina,1481
93,1441,11.8,fina,1506
94,1361,12.2,fina,1457
95,821,13.3,rio,923
96,1054,11.1,regular,1054
97,1383,11.4,fina,1461
98,989,12.1,rio,764
99,1188,12.7,rio,798
100,1029,10.8,regular,1073
101,946,12.5,rio,763
102,1506,10.9,fina,1588
103,1217,10.9,fina,1466
104,783,12.5,rio,801
105,1200,11.5,regular,1064
106,1181,12.0,regular,1059
107,1137,13.3,rio,822
108,945,12.4,regular,1135
109,1539,11.6,fina,1510
110,1562,10.7,fina,1481
111,1186,12.6,rio,853
112,1278,11.3,regular,1067
113,1124,10.4,regular,1167
114,1217,11.2,fina,1537
115,1084,11.7,regular,1145
116,1467,12.0,fina,1409
117,1329,11.6,fina,1466
118,1068,12.9,rio,860
119,945,12.1,regular,1134
120,1357,11.2,fina,1518
121,1256,12.8,rio,825
122,1090,11.7,regular,1198
123,1224,12.7,rio,723
124,1424,11.3,fina,1437
125,1435,12.1,fina,1518
126,1064,10.7,regular,1164
127,1508,11.7,fina,1617
128,1056,12.6,rio,791
129,1446,11.8,fina,1455
130,1058,13.0,rio,741
131,1321,12.2,rio,872
132,1281,11.7,fina,1526
133,948,10.7,regular,1070
134,1204,11.8,regular,1095
135,867,12.4,rio,787
136,1210,13.2,rio,746
137,1345,11.2,fina,1513
138,1155,12.4,rio,749
139,1062,12.7,rio,683
140,1477,11.5,fina,1478
141,1392,11.0,fina,1486
142,1025,11.0,regular,1013
143,1486,11.4,fina,1500
144,1364,12.0,fina,1536
145,1306,10.8,regular,1067
146,1598,11.2,fina,1516
147,1206,13.6,rio,804
148,1269,11.2,regular,1071
149,1096,13.2,rio,832
150,1069,10.7,regular,1131
151,1101,12.6,rio,812
152,1074,11.4,regular,1127
153,935,12.4,rio,785
154,1043,11.2,regular,1176
155,1138,12.4,rio,784
156,1447,12.0,fina,1471
157,1353,11.0,fina,1542
158,1030,11.0,regular,1077
159,1013,11.6,regular,1129
160,1320,10.9,fina,1621
161,808,10.9,regular,1131
162,1067,10.2,regular,1068
163,1163,13.4,rio,834
164,1168,12.6,rio,755
165,1084,12.0,regular,1057
166,1099,12.4,rio,864
167,1123,10.8,regular,1046
168,1166,11.9,rio,801
169,1315,12.7,rio,807
170,1492,11.7,fina,1517
171,999,12.6,rio,832
172,1136,11.3,regular,1178
173,1105,10.3,regular,1070
174,1118,10.6,regular,1196
175,1434,12.0,fina,1511
176,1331,13.2,rio,857
177,1338,12.1,regular,1103
178,1470,11.0,fina,1534
179,1128,12.8,rio,825
180,1534,11.7,fina,1535
181,1052,11.1,regular,1090
182,1401,11.1,fina,1514
183,1484,11.4,fina,1522
184,1036,10.8,regular,1116
185,1189,13.2,rio,787
186,935,11.5,regular,1107
187,1208,11.6,regular,1127
188,1143,13.1,rio,712
189,1125,12.3,rio,798
190,1416,11.5,fina,1470
191,927,11.3,regular,1057
192,862,13.0,rio,802
193,1081,12.7,rio,803
194,1524,11.0,fina,1448
195,1327,11.2,fina,1479
196,925,12.0,rio,782
197,1354,10.9,fina,1553
198,1062,12.6,rio,818
199,943,11.5,regular,1151
200,1391,12.1,fina,1495
201,854,13.3,rio,847
202,1580,10.9,fina,1505
203,1060,12.7,rio,802
204,1007,12.4,rio,765
205,1466,12.0,fina,1488
206,1283,12.7,rio,801
207,1038,12.5,rio,733
208,1064,13.4,rio,795
209,1087,13.4,rio,820
210,1127,11.6,regular,1054
211,1060,12.4,rio,777
212,1286,11.3,fina,1540
213,1041,11.1,regular,1017
214,1349,11.2,fina,1563
215,1489,10.5,fina,1468
216,1077,13.0,rio,764
217,1006,11.4,regular,1194
218,1120,12.9,rio,776
219,1570,11.0,fina,1522
220,1097,11.1,regular,1021
221,1473,10.9,fina,1505
222,964,11.9,regular,1159
223,1091,10.8,regular,1164
224,1031,12.0,rio,759
225,1101,11.2,regular,1129
226,1454,11.2,fina,1484
227,1072,10.8,regular,1079
228,1297,10.9,fina,1513
229,1479,11.4,fina,1481
230,1097,11.1,regular,1099
231,906,12.8,rio,788
232,1523,11.8,fina,1531
233,959,11.0,regular,1146
234,1084,12.6,rio,812
235,1495,11.3,fina,1578
236,1128,10.9,regular,1150
237,1467,11.7,fina,1474
238,1256,11.1,regular,1152
239,1128,11.2,regular,1108
240,1431,10.7,fina,1524
241,1396,11.8,fina,1421
242,1245,11.0,regular,1105
243,1204,10.9,regular,1087
244,1065,11.4,regular,1105
245,1099,11.0,regular,1152
246,1462,11.0,fina,1572
247,1214,11.8,regular,1060
248,1088,12.6,rio,733
249,948,11.4,regular,1105
250,1328,11.2,fina,1453
251,1214,13.1,rio,748
252,1099,10.9,regular,1158
253,1069,12.0,regular,1136
254,1210,12.3,rio,837
255,1239,10.6,regular,1146
256,1000,11.7,rio,813
257,1076,12.8,rio,785
258,1467,11.8,fina,1476
259,986,10.8,regular,1119
260,1422,11.0,fina,1420
261,1439,11.4,fina,1477
262,956,10.8,regular,1059
263,1494,11.1,fina,1496
264,1406,10.5,fina,1512
265,1482,11.6,fina,1474
266,1328,12.0,fina,1498
267,1381,11.4,fina,1504
268,1156,12.0,rio,768
269,1663,11.1,fina,1531
270,1121,11.1,regular,1182
271,1106,11.2,regular,1059
272,1127,13.1,rio,879
273,1381,12.5,rio,761
274,1256,12.5,rio,821
275,1015,12.8,rio,804
276,1306,11.3,fina,1463
277,1402,10.8,fina,1462
278,1383,11.0,fina,1455
279,878,12.2,regular,1012
280,1538,11.5,fina,1482
281,1134,13.1,rio,769
282,1072,12.0,rio,841
283,1340,11.3,fina,1466
284,1379,10.8,fina,1490
285,1039,11.2,regular,1154
286,1339,13.0,rio,690
287,1146,12.7,rio,721
288,1047,12.8,rio,778
289,1011,12.1,regular,1189
290,1284,12.6,rio,715
291,1270,12.2,rio,806
292,1504,12.0,fina,1507
293,1127,11.9,regular,1030
294,1115,11.5,regular,1107
295,1082,10.8,regular,1000
296,1009,12.7,rio,851
297,1260,12.2,rio,761
298,1241,11.2,fina,1506
299,1081,12.9,rio,814
300,1405,11.9,fina,1530
